job_id,job_title,salary_usd,salary_currency,experience_level,employment_type,company_location,company_size,employee_residence,remote_ratio,required_skills,education_required,years_experience,industry,posting_date,application_deadline,job_description_length,benefits_score,company_name
AI00001,AI Research Scientist,90376,USD,SE,CT,China,M,China,50,"Tableau, PyTorch, Kubernetes, Linux, NLP",Bachelor,9,Automotive,18-10-2024,07-11-2024,1076,5.9,Smart Analytics
AI00002,AI Software Engineer,61895,USD,EN,CT,Canada,M,Ireland,100,"Deep Learning, AWS, Mathematics, Python, Docker",Master,1,Media,20-11-2024,11-01-2025,1268,5.2,TechCorp Inc
AI00003,AI Specialist,152626,USD,MI,FL,Switzerland,L,South Korea,0,"Kubernetes, Deep Learning, Java, Hadoop, NLP",Associate,2,Education,18-03-2025,07-04-2025,1974,9.4,Autonomous Tech
AI00004,NLP Engineer,80215,USD,SE,FL,India,M,India,50,"Scala, SQL, Linux, Python",PhD,7,Consulting,23-12-2024,24-02-2025,1345,8.6,Future Systems
AI00005,AI Consultant,54624,EUR,EN,PT,France,S,Singapore,100,"MLOps, Java, Tableau, Python",Master,0,Media,15-04-2025,23-06-2025,1989,6.6,Advanced Robotics
AI00006,AI Architect,123574,EUR,SE,CT,Germany,M,Germany,50,"Data Visualization, R, SQL, Linux",Associate,7,Healthcare,31-08-2024,04-10-2024,819,5.9,Neural Networks Co
AI00007,Principal Data Scientist,79670,GBP,MI,FL,United Kingdom,S,United Kingdom,0,"R, Docker, MLOps",Associate,3,Gaming,29-12-2024,28-02-2025,1936,6.3,DataVision Ltd
AI00008,NLP Engineer,70640,EUR,EN,FL,France,L,France,0,"Python, SQL, Computer Vision, Java, Azure",Master,0,Healthcare,07-06-2024,01-07-2024,1286,7.6,Cloud AI Solutions
AI00009,Data Analyst,160710,USD,SE,CT,Singapore,L,Singapore,0,"Hadoop, Git, Mathematics, Python",PhD,7,Government,04-11-2024,24-11-2024,551,9.3,Quantum Computing Inc
AI00010,AI Software Engineer,102557,USD,SE,PT,Austria,M,Austria,0,"MLOps, GCP, Scala, Azure, Linux",Master,5,Government,20-10-2024,06-11-2024,2340,5.8,Cloud AI Solutions
AI00011,Autonomous Systems Engineer,102322,USD,SE,PT,Sweden,M,Sweden,100,"MLOps, Python, SQL",Associate,8,Telecommunications,29-01-2025,05-03-2025,1047,9.9,Smart Analytics
AI00012,AI Architect,115047,USD,EX,CT,South Korea,S,South Korea,0,"R, Data Visualization, Python, Azure",Master,15,Manufacturing,16-07-2024,19-08-2024,513,6.8,TechCorp Inc
AI00013,AI Consultant,124355,EUR,SE,CT,France,M,France,100,"Tableau, Python, TensorFlow",PhD,5,Automotive,29-12-2024,27-01-2025,760,5.2,Predictive Systems
AI00014,Autonomous Systems Engineer,68760,USD,EN,CT,Norway,S,Norway,0,"Scala, SQL, Statistics",Master,0,Energy,11-02-2024,25-02-2024,1657,9.1,Cloud AI Solutions
AI00015,AI Research Scientist,150122,USD,SE,FT,Sweden,M,Sweden,100,"PyTorch, Python, Data Visualization, GCP",Associate,6,Technology,02-10-2024,26-11-2024,1466,9.8,Advanced Robotics
AI00016,AI Product Manager,78846,GBP,EN,PT,United Kingdom,L,Israel,0,"Linux, Statistics, Deep Learning",PhD,0,Consulting,28-09-2024,26-10-2024,2059,9.6,DataVision Ltd
AI00017,Principal Data Scientist,59823,USD,EN,FT,India,L,India,100,"Tableau, NLP, Spark",Bachelor,1,Real Estate,06-02-2025,26-03-2025,1200,5.8,Predictive Systems
AI00018,Machine Learning Engineer,181139,EUR,EX,CT,France,L,France,100,"MLOps, PyTorch, Azure",Associate,15,Real Estate,24-04-2024,03-06-2024,2142,8.7,AI Innovations
AI00019,Data Engineer,155300,USD,SE,CT,Singapore,M,Singapore,0,"Git, Hadoop, R, Python, Spark",Associate,9,Finance,30-04-2024,29-05-2024,589,8.6,Algorithmic Solutions
AI00020,Research Scientist,93851,EUR,MI,PT,Netherlands,L,Germany,100,"Java, Scala, NLP, Docker, Computer Vision",PhD,4,Transportation,01-05-2024,02-07-2024,1809,6.7,AI Innovations
AI00021,Data Engineer,134197,USD,MI,FT,Norway,M,France,0,"Deep Learning, AWS, Azure",Bachelor,3,Telecommunications,21-06-2024,28-08-2024,969,9.6,AI Innovations
AI00022,Autonomous Systems Engineer,102550,USD,MI,PT,United States,M,United States,0,"Tableau, Spark, NLP, TensorFlow, PyTorch",Bachelor,2,Automotive,23-04-2024,23-06-2024,625,10,Cognitive Computing
AI00023,ML Ops Engineer,99382,EUR,SE,CT,Germany,S,Germany,0,"Hadoop, Git, Tableau",PhD,7,Automotive,13-03-2025,11-05-2025,1629,6.9,Quantum Computing Inc
AI00024,AI Product Manager,52167,USD,MI,FT,Austria,M,Ireland,100,"Git, Hadoop, Docker",Master,4,Telecommunications,07-06-2024,24-06-2024,2298,9.3,Cloud AI Solutions
AI00025,ML Ops Engineer,53923,USD,MI,FT,China,S,China,0,"AWS, Azure, Git, SQL, Computer Vision",Bachelor,2,Healthcare,27-10-2024,18-11-2024,1006,7.4,AI Innovations
AI00026,Robotics Engineer,109779,USD,SE,PT,Israel,L,Israel,100,"Linux, Git, Tableau, Kubernetes, Data Visualization",PhD,6,Government,01-08-2024,02-10-2024,1146,8.8,DataVision Ltd
AI00027,ML Ops Engineer,80979,USD,MI,CT,Australia,S,India,50,"Hadoop, Linux, Git, Scala",Master,2,Media,18-11-2024,18-01-2025,2109,7.7,TechCorp Inc
AI00028,Data Analyst,52997,USD,MI,PT,Austria,M,Singapore,0,"Mathematics, Kubernetes, TensorFlow, Tableau, PyTorch",PhD,2,Government,10-01-2025,20-02-2025,2101,8.6,Predictive Systems
AI00029,Head of AI,42819,USD,EN,CT,Ireland,M,Ireland,50,"Python, Scala, NLP, Mathematics, Git",PhD,0,Healthcare,08-10-2024,20-11-2024,2187,8.6,Cognitive Computing
AI00030,ML Ops Engineer,82083,USD,MI,CT,Israel,L,Israel,100,"Azure, Python, Computer Vision, Kubernetes, TensorFlow",Master,2,Retail,18-01-2024,25-02-2024,1212,6.3,Future Systems
AI00031,Head of AI,67488,EUR,EN,FT,Netherlands,M,Netherlands,100,"Deep Learning, GCP, AWS, Linux, Tableau",Master,1,Retail,16-05-2024,26-07-2024,887,6,Advanced Robotics
AI00032,Research Scientist,68624,USD,EN,FT,Denmark,M,Denmark,0,"Azure, Python, Spark",Master,1,Real Estate,31-01-2024,08-03-2024,1910,9.2,Cloud AI Solutions
AI00033,Robotics Engineer,146852,USD,SE,FT,Switzerland,S,Switzerland,50,"NLP, Scala, Python",PhD,7,Real Estate,28-08-2024,20-09-2024,684,5.3,Cognitive Computing
AI00034,ML Ops Engineer,178183,USD,EX,FL,Finland,M,Finland,0,"Tableau, Azure, GCP, Linux, Python",Associate,16,Education,01-03-2024,19-03-2024,1850,5.7,Predictive Systems
AI00035,Deep Learning Engineer,150864,USD,SE,FL,Sweden,L,Singapore,0,"R, GCP, MLOps, Linux",PhD,8,Consulting,26-10-2024,25-12-2024,1504,7.9,Smart Analytics
AI00036,Head of AI,126942,USD,EX,CT,Finland,L,Netherlands,0,"Git, Hadoop, Data Visualization",Associate,10,Finance,31-01-2024,26-02-2024,1261,9.9,Autonomous Tech
AI00037,AI Architect,53752,USD,MI,PT,Japan,M,Japan,100,"Data Visualization, Tableau, AWS, Mathematics, Python",Associate,2,Telecommunications,17-10-2024,12-11-2024,998,6.1,TechCorp Inc
AI00038,Robotics Engineer,111381,USD,EX,CT,Israel,S,Israel,0,"Linux, PyTorch, SQL, Statistics",Master,18,Government,14-01-2024,12-03-2024,1030,8.1,Autonomous Tech
AI00039,AI Specialist,41430,USD,EN,PT,China,M,China,50,"Tableau, Docker, GCP",Bachelor,1,Healthcare,15-06-2024,29-07-2024,2323,8,Future Systems
AI00040,Data Engineer,166080,EUR,EX,FL,Netherlands,L,Netherlands,100,"Computer Vision, Azure, Tableau",Associate,15,Government,01-03-2024,01-05-2024,831,5.1,DeepTech Ventures
AI00041,Data Scientist,96956,USD,MI,FT,United States,M,China,0,"Data Visualization, Azure, Spark, MLOps",Bachelor,2,Telecommunications,24-02-2024,09-03-2024,761,5.3,DataVision Ltd
AI00042,AI Architect,196954,USD,SE,FL,United States,L,United States,50,"Java, Mathematics, SQL",Bachelor,8,Finance,17-03-2025,16-04-2025,2290,7.5,DataVision Ltd
AI00043,AI Specialist,56745,USD,EN,PT,Finland,L,Finland,100,"Spark, Mathematics, GCP",Associate,1,Telecommunications,01-02-2025,11-04-2025,502,5.5,Quantum Computing Inc
AI00044,Machine Learning Researcher,113455,USD,SE,FT,Singapore,M,Singapore,50,"Hadoop, Docker, Python, Azure",Associate,8,Retail,24-04-2024,12-06-2024,1281,8,AI Innovations
AI00045,ML Ops Engineer,158808,EUR,SE,PT,Netherlands,M,Netherlands,50,"Docker, R, Linux",Bachelor,5,Media,03-03-2025,03-05-2025,1926,7.4,Future Systems
AI00046,AI Research Scientist,174663,USD,SE,CT,United States,M,Singapore,50,"Data Visualization, Statistics, R",Associate,7,Media,10-01-2024,22-03-2024,1151,5.4,DeepTech Ventures
AI00047,AI Research Scientist,46753,USD,EN,CT,India,S,India,50,"Scala, Java, Tableau",PhD,1,Manufacturing,16-11-2024,18-12-2024,2012,9.7,Quantum Computing Inc
AI00048,AI Software Engineer,69020,USD,MI,FL,China,L,China,0,"Java, Azure, GCP",Bachelor,4,Energy,05-09-2024,25-10-2024,1584,8.8,TechCorp Inc
AI00049,AI Specialist,288815,USD,EX,PT,Switzerland,S,Switzerland,0,"Deep Learning, Git, Data Visualization, Linux, Java",Bachelor,12,Manufacturing,08-08-2024,23-09-2024,1930,7.2,Cognitive Computing
AI00050,AI Consultant,124871,USD,EX,FL,Austria,M,Finland,50,"Hadoop, AWS, Linux, Docker, Statistics",PhD,19,Media,10-03-2025,17-05-2025,1556,8,Autonomous Tech
AI00051,AI Architect,70391,EUR,MI,FT,Germany,S,Germany,0,"Deep Learning, SQL, Mathematics",PhD,4,Government,16-08-2024,19-10-2024,1974,9.2,TechCorp Inc
AI00052,Research Scientist,115376,USD,EX,FT,India,M,India,100,"Linux, R, Azure, Mathematics, Git",Master,17,Technology,12-03-2024,14-04-2024,2028,5.5,Autonomous Tech
AI00053,Research Scientist,106579,USD,MI,PT,United States,S,United States,100,"Docker, Tableau, Mathematics",Associate,3,Gaming,24-02-2024,02-05-2024,2028,5.4,Cognitive Computing
AI00054,Data Scientist,135230,USD,SE,PT,Norway,S,Norway,100,"R, PyTorch, Kubernetes, Computer Vision",PhD,8,Consulting,07-07-2024,09-09-2024,1219,7.5,DataVision Ltd
AI00055,Research Scientist,67607,USD,MI,PT,Israel,S,Israel,50,"Python, Tableau, TensorFlow, AWS",Master,4,Media,05-08-2024,26-08-2024,1714,8.6,Quantum Computing Inc
AI00056,AI Architect,88470,USD,MI,PT,Canada,L,Canada,0,"Azure, Kubernetes, TensorFlow, Statistics, Spark",Associate,3,Real Estate,29-07-2024,27-09-2024,1528,9.1,Autonomous Tech
AI00057,Autonomous Systems Engineer,79863,USD,MI,FL,India,L,India,100,"Python, Docker, GCP, Scala",Associate,4,Automotive,28-09-2024,26-10-2024,1325,5.6,Autonomous Tech
AI00058,Machine Learning Engineer,60299,USD,EN,PT,Israel,L,Israel,100,"Git, Linux, Python, TensorFlow, Mathematics",PhD,0,Finance,22-03-2025,01-05-2025,1872,6.6,Advanced Robotics
AI00059,Machine Learning Engineer,85645,EUR,MI,FT,Germany,M,Germany,0,"PyTorch, Computer Vision, R",Associate,4,Transportation,09-02-2024,06-03-2024,793,7.9,AI Innovations
AI00060,AI Software Engineer,110222,GBP,SE,FL,United Kingdom,S,France,0,"R, Spark, AWS",Associate,8,Media,20-03-2024,05-05-2024,1945,9,TechCorp Inc
AI00061,Data Scientist,49365,USD,EN,FT,China,M,China,0,"Tableau, NLP, Azure, Statistics, PyTorch",Associate,1,Finance,22-06-2024,14-08-2024,1907,10,Predictive Systems
AI00062,Data Scientist,162296,USD,SE,PT,Norway,S,Norway,50,"TensorFlow, Azure, Computer Vision, Data Visualization",Bachelor,6,Finance,05-06-2024,01-07-2024,1714,6.2,Neural Networks Co
AI00063,AI Consultant,102382,USD,MI,PT,Switzerland,M,Switzerland,0,"TensorFlow, Scala, Docker, Statistics",PhD,3,Education,23-03-2024,03-06-2024,2199,5.8,Smart Analytics
AI00064,AI Software Engineer,99972,USD,MI,PT,Australia,M,Canada,50,"Java, R, Deep Learning, NLP, Azure",PhD,4,Technology,20-02-2024,15-03-2024,799,6.5,Cloud AI Solutions
AI00065,Data Engineer,64129,USD,EN,CT,South Korea,L,South Korea,0,"Java, Git, Deep Learning",Bachelor,0,Manufacturing,15-12-2024,11-02-2025,909,7.1,Machine Intelligence Group
AI00066,AI Specialist,87938,USD,SE,FT,Ireland,S,Ireland,100,"Mathematics, Spark, Python, AWS",PhD,8,Education,15-12-2024,12-02-2025,508,8.1,Machine Intelligence Group
AI00067,Autonomous Systems Engineer,71405,USD,MI,FL,Israel,L,Israel,0,"SQL, Java, MLOps, Linux, PyTorch",Associate,4,Retail,01-09-2024,29-10-2024,1153,9.5,Advanced Robotics
AI00068,Machine Learning Engineer,316182,USD,EX,PT,Denmark,M,Canada,0,"Python, Scala, Statistics, Git",Associate,12,Finance,09-02-2025,23-02-2025,2452,7,Digital Transformation LLC
AI00069,Machine Learning Researcher,72459,EUR,EN,PT,Germany,M,Germany,100,"Hadoop, Python, Kubernetes, Azure",Bachelor,0,Gaming,30-08-2024,15-09-2024,583,9.6,Quantum Computing Inc
AI00070,Principal Data Scientist,78338,EUR,MI,FT,France,L,France,100,"MLOps, Kubernetes, Git, Python",Associate,3,Technology,31-10-2024,15-12-2024,548,8.7,Cognitive Computing
AI00071,NLP Engineer,51907,USD,MI,FL,Israel,M,Singapore,100,"AWS, Kubernetes, Azure",Bachelor,4,Healthcare,14-02-2024,02-04-2024,912,8.2,Neural Networks Co
AI00072,Autonomous Systems Engineer,122831,EUR,SE,FL,France,S,France,100,"PyTorch, Kubernetes, Git, SQL",Master,7,Real Estate,31-05-2024,19-06-2024,761,8.4,Algorithmic Solutions
AI00073,Machine Learning Researcher,124820,USD,MI,FL,Norway,S,Norway,50,"NLP, Azure, Statistics, Spark, Mathematics",Associate,3,Real Estate,02-08-2024,01-10-2024,2077,9.9,Cognitive Computing
AI00074,Autonomous Systems Engineer,134200,GBP,SE,PT,United Kingdom,S,United Kingdom,50,"Linux, R, Tableau",PhD,9,Retail,29-11-2024,09-01-2025,2396,7.8,Machine Intelligence Group
AI00075,Data Engineer,51920,USD,EN,PT,Sweden,S,Finland,100,"Scala, R, Tableau, Data Visualization",PhD,0,Consulting,08-04-2025,13-05-2025,1778,7.9,Digital Transformation LLC
AI00076,Data Engineer,56427,USD,EN,FL,Singapore,M,Singapore,100,"Mathematics, Kubernetes, Spark",Master,0,Energy,16-11-2024,25-01-2025,1366,5.2,DeepTech Ventures
AI00077,AI Product Manager,213783,USD,EX,FT,Canada,S,Canada,100,"Kubernetes, Spark, Statistics, Scala",Bachelor,16,Energy,19-09-2024,06-10-2024,2383,9.2,Quantum Computing Inc
AI00078,ML Ops Engineer,59728,USD,MI,FL,Israel,M,Israel,50,"MLOps, SQL, Statistics",Associate,2,Finance,10-06-2024,13-08-2024,1350,7.5,DataVision Ltd
AI00079,Computer Vision Engineer,119432,USD,SE,CT,India,L,India,0,"Scala, MLOps, NLP",PhD,6,Technology,20-04-2024,08-06-2024,1008,6.3,Autonomous Tech
AI00080,AI Research Scientist,284486,USD,EX,CT,United States,M,United States,0,"PyTorch, Linux, SQL",Master,12,Consulting,13-02-2025,10-03-2025,2231,7,TechCorp Inc
AI00081,Data Analyst,157597,EUR,EX,CT,France,L,France,50,"Git, Kubernetes, TensorFlow, R, Java",Bachelor,17,Manufacturing,31-08-2024,15-09-2024,639,8.4,Neural Networks Co
AI00082,ML Ops Engineer,196942,USD,EX,CT,Australia,L,Australia,100,"R, Tableau, SQL, MLOps, Docker",Master,19,Gaming,01-04-2024,16-04-2024,826,7.5,TechCorp Inc
AI00083,Machine Learning Researcher,207548,USD,EX,CT,Canada,M,Canada,0,"NLP, Azure, Spark, Data Visualization",PhD,10,Energy,05-02-2024,11-03-2024,2292,6.7,Cognitive Computing
AI00084,NLP Engineer,68838,USD,MI,FL,Sweden,S,Sweden,50,"Java, SQL, Spark, Tableau, Azure",PhD,3,Automotive,20-06-2024,12-08-2024,804,7.4,TechCorp Inc
AI00085,ML Ops Engineer,125666,USD,EX,FL,Finland,L,Finland,100,"Docker, Python, Git, Kubernetes, Java",PhD,13,Telecommunications,19-06-2024,22-08-2024,757,8.4,TechCorp Inc
AI00086,NLP Engineer,73174,USD,EN,FT,Denmark,M,Denmark,50,"Git, MLOps, Hadoop, Python, Spark",Associate,0,Finance,14-07-2024,08-09-2024,678,6.4,Machine Intelligence Group
AI00087,Autonomous Systems Engineer,33314,USD,EN,CT,Israel,S,India,50,"SQL, Kubernetes, Docker",Bachelor,0,Manufacturing,16-04-2025,15-06-2025,1207,8.3,Future Systems
AI00088,AI Specialist,69914,USD,EN,FT,United States,S,United States,100,"R, NLP, SQL, GCP",Associate,0,Transportation,15-02-2025,15-04-2025,1517,7,Smart Analytics
AI00089,Principal Data Scientist,152118,EUR,EX,FL,France,M,France,50,"Spark, SQL, Python, Mathematics, Linux",Master,11,Automotive,20-05-2024,14-07-2024,1294,6.9,AI Innovations
AI00090,AI Software Engineer,78014,EUR,EN,CT,France,L,France,50,"PyTorch, Hadoop, Scala, Computer Vision",PhD,0,Real Estate,19-11-2024,07-12-2024,841,6.8,Digital Transformation LLC
AI00091,Research Scientist,48466,USD,EN,PT,Canada,S,Canada,100,"Hadoop, Spark, Kubernetes, Python",Bachelor,0,Automotive,10-03-2025,14-05-2025,1146,5.7,Predictive Systems
AI00092,Data Analyst,97997,EUR,SE,CT,France,S,France,50,"Hadoop, Python, TensorFlow, R, Statistics",PhD,8,Technology,19-06-2024,16-07-2024,2419,6,Algorithmic Solutions
AI00093,Principal Data Scientist,128341,USD,SE,FL,Singapore,S,Singapore,0,"Computer Vision, PyTorch, GCP, Linux",Bachelor,9,Finance,26-04-2025,15-06-2025,2457,6.9,Neural Networks Co
AI00094,AI Research Scientist,111528,USD,MI,FL,United States,L,United States,0,"Java, Hadoop, Mathematics",PhD,3,Real Estate,01-03-2024,08-05-2024,1299,9.5,Predictive Systems
AI00095,Machine Learning Researcher,138945,USD,EX,PT,Canada,S,Canada,50,"Linux, R, NLP, PyTorch, Git",Master,19,Education,10-07-2024,15-09-2024,1559,8.9,DeepTech Ventures
AI00096,NLP Engineer,98688,USD,SE,FT,Israel,M,Israel,50,"Statistics, Python, TensorFlow, PyTorch, Git",Bachelor,8,Manufacturing,10-04-2024,03-05-2024,598,8.6,Cognitive Computing
AI00097,Data Analyst,109029,EUR,SE,FT,France,S,France,0,"Kubernetes, Scala, Java",Bachelor,6,Technology,05-04-2025,13-06-2025,2049,6.1,Predictive Systems
AI00098,NLP Engineer,84797,USD,MI,FT,Canada,M,Canada,0,"Deep Learning, Statistics, Computer Vision, TensorFlow, Mathematics",Master,4,Real Estate,04-12-2024,03-01-2025,1909,6.2,Machine Intelligence Group
AI00099,Machine Learning Researcher,290199,USD,EX,CT,Switzerland,L,Denmark,50,"Python, AWS, Kubernetes, Deep Learning",Master,12,Retail,12-01-2025,07-03-2025,1137,5.6,Smart Analytics
AI00100,AI Research Scientist,195691,USD,SE,CT,United States,L,United States,0,"AWS, Kubernetes, Docker, Mathematics, MLOps",PhD,8,Transportation,20-04-2024,22-06-2024,916,8.7,Advanced Robotics
AI00101,AI Product Manager,193448,USD,SE,FT,Norway,L,Norway,100,"Scala, Git, Java",Associate,9,Consulting,02-01-2025,11-03-2025,579,6.6,Cognitive Computing
AI00102,AI Product Manager,138466,USD,EX,PT,Israel,L,Israel,100,"Azure, AWS, PyTorch, GCP, Hadoop",Associate,16,Government,25-01-2024,04-04-2024,1690,9.5,Smart Analytics
AI00103,Data Analyst,91577,EUR,MI,CT,Netherlands,M,Netherlands,100,"Spark, Mathematics, PyTorch, SQL, TensorFlow",Bachelor,3,Transportation,27-01-2024,28-02-2024,859,6.5,Algorithmic Solutions
AI00104,Computer Vision Engineer,92875,USD,MI,FT,Sweden,S,Sweden,0,"SQL, Python, Deep Learning",PhD,3,Real Estate,21-07-2024,27-09-2024,701,5.3,Digital Transformation LLC
AI00105,Data Engineer,213287,GBP,EX,FT,United Kingdom,S,United Kingdom,100,"TensorFlow, GCP, PyTorch, Spark",Master,13,Healthcare,03-03-2025,03-04-2025,1102,6.3,Cloud AI Solutions
AI00106,NLP Engineer,62171,USD,MI,FT,Japan,S,Japan,0,"Git, SQL, PyTorch, Mathematics",Bachelor,2,Consulting,15-09-2024,07-11-2024,2162,8.1,AI Innovations
AI00107,AI Research Scientist,152658,USD,EX,FL,South Korea,L,United Kingdom,50,"Data Visualization, PyTorch, Spark, TensorFlow",Associate,16,Automotive,28-01-2024,17-03-2024,548,9,TechCorp Inc
AI00108,ML Ops Engineer,95085,USD,MI,FT,Norway,M,Norway,100,"TensorFlow, SQL, NLP, Computer Vision, Git",Associate,2,Retail,20-03-2024,20-04-2024,2298,6.5,Predictive Systems
AI00109,Deep Learning Engineer,86750,EUR,MI,FL,France,S,France,100,"Java, R, Git, Mathematics, Spark",PhD,2,Government,13-12-2024,24-02-2025,1397,7.1,AI Innovations
AI00110,AI Specialist,64261,USD,MI,PT,Israel,M,Israel,0,"PyTorch, Docker, GCP",Master,2,Transportation,04-09-2024,10-10-2024,2385,8.8,TechCorp Inc
AI00111,Machine Learning Researcher,205357,USD,EX,PT,United States,S,United States,100,"Computer Vision, Hadoop, Git, AWS",Bachelor,18,Education,08-03-2024,13-05-2024,1646,6.6,Predictive Systems
AI00112,AI Architect,165676,EUR,EX,CT,France,S,France,50,"TensorFlow, Linux, SQL, Hadoop",Associate,18,Government,13-05-2024,25-06-2024,926,7.8,Neural Networks Co
AI00113,Computer Vision Engineer,114658,EUR,SE,CT,France,M,France,100,"SQL, Scala, Python",Bachelor,9,Telecommunications,18-03-2024,20-04-2024,1560,8.2,Algorithmic Solutions
AI00114,Data Scientist,143149,EUR,SE,FL,France,L,France,50,"NLP, Computer Vision, Mathematics, Statistics, R",Master,6,Real Estate,13-03-2024,10-05-2024,1169,9.1,Digital Transformation LLC
AI00115,Machine Learning Researcher,116276,EUR,SE,FL,Germany,S,Germany,50,"Azure, R, Linux, MLOps",Bachelor,7,Technology,14-08-2024,06-09-2024,608,7.9,Future Systems
AI00116,NLP Engineer,61055,USD,EN,FL,United States,M,Ireland,100,"R, AWS, Computer Vision, Statistics, Docker",Bachelor,0,Retail,04-06-2024,16-07-2024,1891,6.9,Autonomous Tech
AI00117,ML Ops Engineer,50303,USD,EN,FT,Austria,L,Austria,100,"Kubernetes, SQL, Azure, Deep Learning, Linux",Master,0,Gaming,11-08-2024,02-10-2024,2015,7,DataVision Ltd
AI00118,Data Analyst,65570,USD,SE,FL,Ireland,S,Ireland,50,"PyTorch, SQL, MLOps, AWS, TensorFlow",Associate,7,Retail,22-10-2024,06-11-2024,635,9.9,Smart Analytics
AI00119,AI Software Engineer,231078,USD,EX,FL,Singapore,M,Singapore,50,"MLOps, R, Git, Mathematics",Bachelor,17,Consulting,15-04-2024,03-06-2024,784,7.6,Neural Networks Co
AI00120,AI Product Manager,106633,USD,SE,FT,Australia,M,South Korea,100,"Linux, Scala, SQL, Git",Bachelor,9,Automotive,18-05-2024,25-06-2024,1243,5.5,Algorithmic Solutions
AI00121,AI Specialist,121180,USD,SE,FL,Austria,L,Austria,0,"Git, Deep Learning, Kubernetes, Linux, GCP",Master,9,Media,06-01-2025,01-02-2025,611,7,Quantum Computing Inc
AI00122,Principal Data Scientist,64531,USD,EN,PT,China,L,Netherlands,50,"Git, SQL, Scala, Python, Computer Vision",PhD,0,Retail,26-03-2025,13-04-2025,1645,7,Smart Analytics
AI00123,Machine Learning Engineer,125654,USD,MI,CT,Singapore,L,Singapore,50,"Python, Tableau, Java",PhD,4,Automotive,20-06-2024,25-08-2024,1212,6.8,DataVision Ltd
AI00124,Machine Learning Researcher,182275,USD,EX,FT,Austria,L,Austria,0,"Docker, AWS, Linux, Git, Azure",PhD,14,Technology,19-04-2025,14-05-2025,2427,9,DeepTech Ventures
AI00125,Machine Learning Researcher,117708,USD,MI,FL,Denmark,L,Denmark,0,"PyTorch, Scala, Linux, Tableau, Deep Learning",PhD,4,Transportation,24-02-2024,17-03-2024,1912,9.3,Neural Networks Co
AI00126,Data Engineer,143246,USD,EX,FT,South Korea,S,South Korea,0,"Docker, SQL, Kubernetes, Git, Statistics",Master,11,Healthcare,25-12-2024,24-01-2025,1426,8.4,Future Systems
AI00127,AI Product Manager,203198,USD,SE,FT,Denmark,L,Denmark,50,"Statistics, R, Python, TensorFlow",Master,5,Consulting,04-12-2024,11-01-2025,1596,7.6,DeepTech Ventures
AI00128,Research Scientist,69487,USD,EN,CT,Switzerland,S,Switzerland,0,"Kubernetes, Azure, Spark, TensorFlow, Linux",Master,0,Transportation,04-11-2024,02-12-2024,1825,7.7,Machine Intelligence Group
AI00129,AI Product Manager,95673,USD,EX,FL,Ireland,S,Ireland,0,"GCP, R, Azure, Deep Learning, PyTorch",Associate,17,Technology,24-08-2024,15-09-2024,1467,8.1,Neural Networks Co
AI00130,AI Software Engineer,59405,USD,EN,FL,Austria,L,Austria,100,"Spark, Python, Deep Learning, Linux, Java",Bachelor,1,Consulting,18-03-2025,12-04-2025,984,6,Smart Analytics
AI00131,AI Specialist,131756,EUR,SE,PT,Netherlands,M,Finland,0,"AWS, R, Spark",PhD,5,Technology,03-08-2024,15-10-2024,2308,7.9,AI Innovations
AI00132,AI Software Engineer,42835,USD,EN,PT,South Korea,L,France,0,"Python, TensorFlow, PyTorch",Bachelor,0,Media,02-03-2025,30-03-2025,539,9,Machine Intelligence Group
AI00133,Autonomous Systems Engineer,61893,USD,EN,FT,Canada,M,Canada,50,"Statistics, Python, SQL",Associate,1,Consulting,28-03-2024,01-05-2024,1419,5.2,Predictive Systems
AI00134,ML Ops Engineer,141791,EUR,EX,CT,France,M,France,0,"Hadoop, Azure, Python, R",PhD,13,Media,03-02-2025,23-02-2025,2136,5.8,Algorithmic Solutions
AI00135,AI Product Manager,258637,GBP,EX,PT,United Kingdom,M,United Kingdom,50,"Computer Vision, GCP, Azure, SQL, Python",Master,11,Education,16-01-2025,15-02-2025,813,9.1,Cognitive Computing
AI00136,NLP Engineer,49485,USD,MI,FT,Finland,S,Finland,0,"Hadoop, Java, Data Visualization",Associate,2,Technology,09-08-2024,16-09-2024,909,7.8,Cloud AI Solutions
AI00137,Robotics Engineer,172916,USD,SE,PT,Norway,S,India,100,"Computer Vision, SQL, PyTorch, Java",Bachelor,8,Manufacturing,29-12-2024,15-01-2025,1630,7.6,Smart Analytics
AI00138,Machine Learning Engineer,324557,USD,EX,FT,Denmark,L,Denmark,100,"Hadoop, Python, Git, TensorFlow",PhD,11,Telecommunications,06-11-2024,24-11-2024,1209,7.3,Machine Intelligence Group
AI00139,AI Consultant,73894,EUR,MI,CT,France,M,France,50,"PyTorch, Statistics, MLOps, Kubernetes, Computer Vision",Bachelor,4,Consulting,08-08-2024,12-09-2024,1070,5.2,Digital Transformation LLC
AI00140,Principal Data Scientist,122598,USD,SE,FT,Sweden,S,India,50,"Linux, AWS, Computer Vision, Deep Learning",Associate,9,Media,05-01-2025,13-02-2025,1181,5.2,Digital Transformation LLC
AI00141,Data Scientist,94478,USD,MI,FL,Denmark,S,Denmark,100,"PyTorch, TensorFlow, Hadoop, Python",PhD,4,Retail,24-05-2024,25-06-2024,506,8.4,Algorithmic Solutions
AI00142,Autonomous Systems Engineer,53088,USD,EN,PT,Austria,M,Austria,50,"GCP, Kubernetes, Computer Vision, Deep Learning, SQL",PhD,1,Finance,12-04-2025,13-06-2025,2090,9,Machine Intelligence Group
AI00143,Machine Learning Researcher,116012,USD,MI,FT,Denmark,M,Australia,0,"SQL, MLOps, Python",Master,3,Automotive,23-09-2024,30-10-2024,657,7.9,Predictive Systems
AI00144,Deep Learning Engineer,35593,USD,EN,CT,China,S,China,0,"Python, Hadoop, Deep Learning",Bachelor,0,Media,09-03-2024,07-04-2024,1812,6.3,AI Innovations
AI00145,AI Product Manager,149053,USD,EX,FT,Austria,S,Austria,0,"GCP, Linux, R, Hadoop",Master,17,Media,17-11-2024,26-12-2024,652,5.5,Smart Analytics
AI00146,Principal Data Scientist,88230,USD,MI,FT,Austria,L,Austria,0,"TensorFlow, Git, Azure, Python",Associate,4,Education,22-05-2024,27-07-2024,1984,7.6,DeepTech Ventures
AI00147,AI Research Scientist,224919,USD,EX,FL,Australia,M,Switzerland,100,"Kubernetes, Deep Learning, PyTorch",Associate,19,Education,02-12-2024,24-01-2025,911,5.7,TechCorp Inc
AI00148,Machine Learning Researcher,220439,EUR,EX,PT,Netherlands,S,Netherlands,100,"SQL, Data Visualization, GCP, Deep Learning, MLOps",Associate,12,Manufacturing,30-03-2024,15-04-2024,1795,9.9,TechCorp Inc
AI00149,NLP Engineer,48861,USD,EN,PT,Finland,S,Finland,100,"GCP, Python, Computer Vision, Git",Bachelor,0,Healthcare,04-07-2024,11-08-2024,1031,8.1,DeepTech Ventures
AI00150,AI Specialist,115841,USD,SE,FL,United States,S,United States,0,"TensorFlow, Kubernetes, Deep Learning",PhD,7,Healthcare,25-10-2024,11-12-2024,1446,7.2,Quantum Computing Inc
AI00151,NLP Engineer,57266,USD,MI,FL,Ireland,M,Ireland,0,"Computer Vision, PyTorch, Linux, TensorFlow",Bachelor,3,Media,11-08-2024,26-08-2024,1075,7.3,Neural Networks Co
AI00152,Deep Learning Engineer,66384,USD,MI,CT,Australia,S,Israel,0,"Git, Tableau, Hadoop, Computer Vision",Associate,2,Government,21-04-2024,24-05-2024,1421,9.1,Autonomous Tech
AI00153,Data Analyst,184637,USD,EX,PT,Sweden,S,Sweden,100,"R, SQL, Data Visualization",Bachelor,11,Government,23-05-2024,09-07-2024,2292,5.5,Machine Intelligence Group
AI00154,AI Research Scientist,92445,EUR,MI,CT,Netherlands,M,Finland,50,"Linux, Python, Scala, Docker",Bachelor,4,Technology,22-10-2024,24-12-2024,826,9.2,DataVision Ltd
AI00155,Machine Learning Researcher,57388,USD,EN,FL,Canada,L,Canada,0,"Python, GCP, TensorFlow",Associate,1,Consulting,12-01-2024,12-02-2024,1684,8.3,Smart Analytics
AI00156,Head of AI,53374,USD,MI,PT,China,M,China,0,"Docker, Deep Learning, R",PhD,2,Government,22-06-2024,31-07-2024,2224,9.5,Algorithmic Solutions
AI00157,AI Research Scientist,95716,USD,SE,CT,Finland,S,Finland,50,"Git, Spark, Azure, Statistics",PhD,6,Media,19-03-2024,05-04-2024,1811,7.4,Digital Transformation LLC
AI00158,NLP Engineer,157091,USD,MI,FL,Norway,L,Norway,0,"Python, Java, Kubernetes, SQL, NLP",PhD,2,Transportation,04-03-2025,24-03-2025,1002,7.7,DataVision Ltd
AI00159,ML Ops Engineer,204144,USD,SE,FL,Norway,L,Norway,100,"Hadoop, Mathematics, Linux",PhD,8,Telecommunications,12-12-2024,03-01-2025,1663,9.5,Autonomous Tech
AI00160,AI Software Engineer,190314,EUR,EX,CT,Netherlands,M,Netherlands,100,"GCP, Computer Vision, Scala, AWS, Linux",PhD,12,Government,23-05-2024,22-07-2024,521,9.9,Digital Transformation LLC
AI00161,Principal Data Scientist,198403,USD,EX,FL,Denmark,M,Israel,50,"Data Visualization, SQL, Scala",Associate,15,Media,14-03-2024,21-04-2024,944,9.1,Digital Transformation LLC
AI00162,Research Scientist,153040,USD,SE,CT,Canada,L,Canada,50,"SQL, Tableau, Statistics, GCP",Bachelor,7,Manufacturing,25-06-2024,23-08-2024,1112,8.2,Autonomous Tech
AI00163,AI Software Engineer,51898,USD,MI,FL,Israel,S,Israel,0,"Deep Learning, Python, NLP",Associate,2,Consulting,05-10-2024,26-11-2024,721,8.9,Machine Intelligence Group
AI00164,AI Architect,115191,EUR,SE,FL,Germany,S,Netherlands,0,"R, AWS, Git, Tableau",Associate,7,Education,10-07-2024,04-09-2024,2362,5.7,Advanced Robotics
AI00165,ML Ops Engineer,170139,USD,SE,PT,United States,L,Denmark,50,"Python, Spark, Hadoop",Bachelor,5,Technology,30-01-2025,27-03-2025,578,9.6,Future Systems
AI00166,ML Ops Engineer,63860,USD,EN,CT,Canada,L,Canada,100,"Linux, TensorFlow, GCP, Docker, Azure",Master,0,Gaming,02-08-2024,28-09-2024,2424,9.5,Autonomous Tech
AI00167,NLP Engineer,125152,USD,MI,CT,Norway,M,Norway,100,"TensorFlow, Docker, AWS, Spark",PhD,3,Retail,11-08-2024,31-08-2024,2348,6.6,Smart Analytics
AI00168,AI Software Engineer,61572,USD,EN,CT,South Korea,L,South Korea,50,"Linux, Azure, Kubernetes",Bachelor,0,Healthcare,19-07-2024,08-09-2024,2485,7.1,DataVision Ltd
AI00169,Head of AI,101054,EUR,MI,CT,Germany,M,Israel,50,"Statistics, Tableau, Java, Data Visualization, NLP",Master,3,Transportation,06-01-2024,26-02-2024,986,8.5,Autonomous Tech
AI00170,Data Engineer,145355,USD,EX,CT,Canada,S,Canada,100,"Spark, Linux, AWS, Deep Learning",Master,13,Media,25-08-2024,12-09-2024,685,9.6,DeepTech Ventures
AI00171,Deep Learning Engineer,183484,USD,EX,FT,Singapore,S,Singapore,100,"Scala, Data Visualization, TensorFlow, Mathematics, Java",Master,19,Gaming,20-11-2024,01-01-2025,834,7.7,Autonomous Tech
AI00172,AI Product Manager,111997,USD,MI,CT,Singapore,L,Singapore,100,"PyTorch, Scala, Hadoop, Docker, Computer Vision",PhD,2,Technology,15-03-2025,14-04-2025,1535,6.6,Neural Networks Co
AI00173,AI Specialist,214195,GBP,EX,PT,United Kingdom,M,Sweden,100,"Tableau, GCP, Python",Bachelor,19,Manufacturing,13-03-2025,11-04-2025,1254,5.2,Smart Analytics
AI00174,AI Software Engineer,93211,USD,SE,PT,India,M,United Kingdom,50,"Python, TensorFlow, GCP, Java",Master,9,Manufacturing,08-01-2025,03-02-2025,1474,9.3,Machine Intelligence Group
AI00175,Deep Learning Engineer,82209,EUR,EN,PT,Germany,L,Germany,100,"Statistics, TensorFlow, Python",Master,1,Transportation,09-11-2024,23-12-2024,859,7,Smart Analytics
AI00176,AI Software Engineer,149669,EUR,SE,PT,Germany,M,Germany,50,"Scala, Hadoop, Azure",Associate,9,Retail,01-11-2024,23-11-2024,2291,6.2,Predictive Systems
AI00177,AI Software Engineer,56825,USD,MI,PT,China,M,China,50,"Linux, Azure, Git, Deep Learning, Spark",Associate,3,Government,11-07-2024,02-08-2024,2301,9.5,AI Innovations
AI00178,Research Scientist,131635,USD,MI,FT,Denmark,L,Denmark,50,"Kubernetes, Git, GCP, NLP",PhD,2,Manufacturing,10-03-2024,16-04-2024,715,8.2,TechCorp Inc
AI00179,NLP Engineer,163843,USD,SE,FL,Norway,L,Norway,50,"Scala, Python, Data Visualization, Kubernetes, Statistics",PhD,7,Telecommunications,20-09-2024,23-10-2024,1723,8.5,Algorithmic Solutions
AI00180,AI Consultant,73281,USD,MI,CT,India,L,India,0,"Deep Learning, Azure, Python",Bachelor,2,Technology,28-01-2025,21-02-2025,1753,5.5,Cloud AI Solutions
AI00181,Principal Data Scientist,51907,USD,MI,CT,South Korea,M,South Korea,50,"Statistics, AWS, Java, PyTorch",Associate,3,Technology,07-10-2024,06-12-2024,1290,8.3,DataVision Ltd
AI00182,NLP Engineer,178240,EUR,EX,FL,Netherlands,S,Netherlands,50,"Python, Spark, TensorFlow",Bachelor,12,Real Estate,01-06-2024,15-07-2024,2461,8.5,Autonomous Tech
AI00183,Machine Learning Researcher,83226,USD,SE,FT,Ireland,S,Israel,0,"SQL, Docker, Linux, GCP",Master,7,Technology,19-11-2024,02-01-2025,1227,7.9,Advanced Robotics
AI00184,AI Product Manager,46995,USD,EN,FT,Austria,S,Austria,100,"PyTorch, NLP, MLOps, Azure",Master,1,Finance,07-07-2024,01-08-2024,1212,5.9,DataVision Ltd
AI00185,AI Research Scientist,275296,USD,EX,FT,Switzerland,L,Switzerland,0,"Docker, Azure, NLP",Associate,14,Transportation,06-02-2024,14-03-2024,1483,7,DataVision Ltd
AI00186,Deep Learning Engineer,300422,USD,EX,PT,Denmark,M,India,100,"Python, TensorFlow, R",Bachelor,11,Education,30-09-2024,18-11-2024,2385,9.9,Machine Intelligence Group
AI00187,AI Product Manager,116704,USD,MI,CT,Canada,L,Canada,100,"SQL, PyTorch, NLP, Data Visualization",Bachelor,2,Finance,30-03-2024,15-04-2024,1540,9.8,Autonomous Tech
AI00188,AI Specialist,98422,USD,EN,PT,United States,L,United States,0,"Java, Python, Mathematics",PhD,0,Transportation,23-05-2024,07-07-2024,673,9.4,Cloud AI Solutions
AI00189,Machine Learning Researcher,210249,USD,EX,PT,Norway,M,Singapore,100,"Mathematics, Docker, Deep Learning",Master,15,Gaming,20-12-2024,15-02-2025,1219,6.4,Machine Intelligence Group
AI00190,NLP Engineer,67708,USD,MI,FL,South Korea,S,France,0,"NLP, R, Scala, Computer Vision, Azure",Master,3,Manufacturing,10-06-2024,20-07-2024,1393,7.6,Algorithmic Solutions
AI00191,Data Engineer,95796,USD,EX,FL,Austria,S,Austria,100,"Python, TensorFlow, Scala, AWS",Master,13,Consulting,15-10-2024,25-12-2024,1933,5.8,Advanced Robotics
AI00192,Head of AI,229098,USD,EX,PT,Denmark,L,China,50,"PyTorch, SQL, Kubernetes, Git, Java",Master,17,Government,01-02-2024,25-03-2024,2004,8.5,Predictive Systems
AI00193,ML Ops Engineer,134300,USD,EX,CT,Ireland,S,Ireland,50,"Java, Python, Deep Learning, Statistics",Master,11,Education,14-07-2024,16-09-2024,2111,5,Predictive Systems
AI00194,AI Specialist,74408,USD,EN,CT,Australia,M,Norway,100,"TensorFlow, Docker, R, NLP, Java",Associate,1,Automotive,07-08-2024,24-09-2024,1036,7.9,Machine Intelligence Group
AI00195,AI Architect,201971,EUR,EX,FT,Netherlands,M,Australia,0,"Java, Scala, Tableau",PhD,13,Technology,17-07-2024,11-09-2024,991,6.8,Future Systems
AI00196,AI Software Engineer,180764,EUR,EX,CT,France,S,France,100,"GCP, TensorFlow, Data Visualization",Master,17,Gaming,17-02-2025,16-03-2025,1244,7.6,AI Innovations
AI00197,Principal Data Scientist,49644,USD,EN,CT,China,L,Canada,100,"Linux, PyTorch, TensorFlow, Azure, Python",Bachelor,0,Finance,15-02-2025,26-03-2025,2266,5.5,Future Systems
AI00198,AI Product Manager,89115,USD,SE,CT,South Korea,M,South Korea,50,"MLOps, Python, Linux, NLP",Master,7,Energy,22-03-2025,19-05-2025,684,6.3,Neural Networks Co
